{
  "GET /events" : {
    "transaction" : "GET /events",
    "sampleCount" : 2500,
    "errorCount" : 0,
    "errorPct" : 0.0,
    "meanResTime" : 4.234800000000004,
    "medianResTime" : 4.0,
    "minResTime" : 2.0,
    "maxResTime" : 48.0,
    "pct1ResTime" : 6.0,
    "pct2ResTime" : 6.0,
    "pct3ResTime" : 8.0,
    "throughput" : 254.86797838719545,
    "receivedKBytesPerSec" : 66.45483420838006,
    "sentKBytesPerSec" : 30.36513023753696
  },
  "Total" : {
    "transaction" : "Total",
    "sampleCount" : 3000,
    "errorCount" : 0,
    "errorPct" : 0.0,
    "meanResTime" : 15.363666666666617,
    "medianResTime" : 4.0,
    "minResTime" : 1.0,
    "maxResTime" : 128.0,
    "pct1ResTime" : 71.0,
    "pct2ResTime" : 95.0,
    "pct3ResTime" : 114.0,
    "throughput" : 305.84157406463453,
    "receivedKBytesPerSec" : 100.33435492914671,
    "sentKBytesPerSec" : 40.89834590682027
  },
  "GET /health" : {
    "transaction" : "GET /health",
    "sampleCount" : 100,
    "errorCount" : 0,
    "errorPct" : 0.0,
    "meanResTime" : 2.840000000000001,
    "medianResTime" : 2.0,
    "minResTime" : 1.0,
    "maxResTime" : 48.0,
    "pct1ResTime" : 3.0,
    "pct2ResTime" : 4.0,
    "pct3ResTime" : 47.559999999999775,
    "throughput" : 59.171597633136095,
    "receivedKBytesPerSec" : 17.046505177514792,
    "sentKBytesPerSec" : 7.049741124260355
  },
  "POST /login" : {
    "transaction" : "POST /login",
    "sampleCount" : 400,
    "errorCount" : 0,
    "errorPct" : 0.0,
    "meanResTime" : 88.0500000000001,
    "medianResTime" : 87.0,
    "minResTime" : 54.0,
    "maxResTime" : 128.0,
    "pct1ResTime" : 112.0,
    "pct2ResTime" : 114.0,
    "pct3ResTime" : 124.96000000000004,
    "throughput" : 64.58905215565962,
    "receivedKBytesPerSec" : 49.00946633295656,
    "sentKBytesPerSec" : 14.759607621508156
  }
}