{
  "GET /events" : {
    "transaction" : "GET /events",
    "sampleCount" : 2500,
    "errorCount" : 0,
    "errorPct" : 0.0,
    "meanResTime" : 4.429199999999996,
    "medianResTime" : 4.0,
    "minResTime" : 2.0,
    "maxResTime" : 83.0,
    "pct1ResTime" : 7.0,
    "pct2ResTime" : 8.0,
    "pct3ResTime" : 10.0,
    "throughput" : 253.60113613308988,
    "receivedKBytesPerSec" : 66.12451498782714,
    "sentKBytesPerSec" : 30.214197859606408
  },
  "Total" : {
    "transaction" : "Total",
    "sampleCount" : 3000,
    "errorCount" : 400,
    "errorPct" : 13.333333,
    "meanResTime" : 4.710333333333327,
    "medianResTime" : 4.0,
    "minResTime" : 1.0,
    "maxResTime" : 91.0,
    "pct1ResTime" : 7.0,
    "pct2ResTime" : 9.0,
    "pct3ResTime" : 11.0,
    "throughput" : 304.32136335970785,
    "receivedKBytesPerSec" : 81.92505452424426,
    "sentKBytesPerSec" : 40.695057313856765
  },
  "GET /health" : {
    "transaction" : "GET /health",
    "sampleCount" : 100,
    "errorCount" : 0,
    "errorPct" : 0.0,
    "meanResTime" : 3.2800000000000007,
    "medianResTime" : 3.0,
    "minResTime" : 1.0,
    "maxResTime" : 39.0,
    "pct1ResTime" : 4.0,
    "pct2ResTime" : 5.949999999999989,
    "pct3ResTime" : 38.78999999999989,
    "throughput" : 58.07200929152149,
    "receivedKBytesPerSec" : 16.729729239256677,
    "sentKBytesPerSec" : 6.918735481997677
  },
  "POST /login" : {
    "transaction" : "POST /login",
    "sampleCount" : 400,
    "errorCount" : 400,
    "errorPct" : 100.0,
    "meanResTime" : 6.824999999999999,
    "medianResTime" : 6.0,
    "minResTime" : 3.0,
    "maxResTime" : 91.0,
    "pct1ResTime" : 10.0,
    "pct2ResTime" : 11.0,
    "pct3ResTime" : 16.0,
    "throughput" : 83.68200836820083,
    "receivedKBytesPerSec" : 26.559231171548117,
    "sentKBytesPerSec" : 19.122646443514643
  }
}