{
  "GET /events" : {
    "transaction" : "GET /events",
    "sampleCount" : 2500,
    "errorCount" : 0,
    "errorPct" : 0.0,
    "meanResTime" : 4.095599999999999,
    "medianResTime" : 4.0,
    "minResTime" : 1.0,
    "maxResTime" : 32.0,
    "pct1ResTime" : 6.0,
    "pct2ResTime" : 6.0,
    "pct3ResTime" : 8.0,
    "throughput" : 254.16836112240748,
    "receivedKBytesPerSec" : 66.27241447234648,
    "sentKBytesPerSec" : 30.281777399349327
  },
  "Total" : {
    "transaction" : "Total",
    "sampleCount" : 3000,
    "errorCount" : 0,
    "errorPct" : 0.0,
    "meanResTime" : 15.555333333333335,
    "medianResTime" : 4.0,
    "minResTime" : 1.0,
    "maxResTime" : 138.0,
    "pct1ResTime" : 74.0,
    "pct2ResTime" : 100.0,
    "pct3ResTime" : 115.0,
    "throughput" : 305.002033346889,
    "receivedKBytesPerSec" : 100.05893528873526,
    "sentKBytesPerSec" : 40.78607919886132
  },
  "GET /health" : {
    "transaction" : "GET /health",
    "sampleCount" : 100,
    "errorCount" : 0,
    "errorPct" : 0.0,
    "meanResTime" : 2.9899999999999993,
    "medianResTime" : 3.0,
    "minResTime" : 1.0,
    "maxResTime" : 32.0,
    "pct1ResTime" : 4.0,
    "pct2ResTime" : 5.0,
    "pct3ResTime" : 31.729999999999862,
    "throughput" : 58.038305281485776,
    "receivedKBytesPerSec" : 16.720019587928032,
    "sentKBytesPerSec" : 6.914719965177016
  },
  "POST /login" : {
    "transaction" : "POST /login",
    "sampleCount" : 400,
    "errorCount" : 0,
    "errorPct" : 0.0,
    "meanResTime" : 90.31999999999995,
    "medianResTime" : 90.5,
    "minResTime" : 53.0,
    "maxResTime" : 138.0,
    "pct1ResTime" : 113.0,
    "pct2ResTime" : 116.94999999999999,
    "pct3ResTime" : 123.99000000000001,
    "throughput" : 63.78568011481423,
    "receivedKBytesPerSec" : 48.399876415244776,
    "sentKBytesPerSec" : 14.576024557486845
  }
}