{
  "GET /events" : {
    "transaction" : "GET /events",
    "sampleCount" : 2500,
    "errorCount" : 0,
    "errorPct" : 0.0,
    "meanResTime" : 5.2204000000000015,
    "medianResTime" : 5.0,
    "minResTime" : 2.0,
    "maxResTime" : 38.0,
    "pct1ResTime" : 7.0,
    "pct2ResTime" : 8.0,
    "pct3ResTime" : 11.0,
    "throughput" : 252.21953188054886,
    "receivedKBytesPerSec" : 65.76427247276028,
    "sentKBytesPerSec" : 30.04959266545601
  },
  "Total" : {
    "transaction" : "Total",
    "sampleCount" : 3000,
    "errorCount" : 0,
    "errorPct" : 0.0,
    "meanResTime" : 19.39833333333334,
    "medianResTime" : 5.0,
    "minResTime" : 1.0,
    "maxResTime" : 194.0,
    "pct1ResTime" : 85.0,
    "pct2ResTime" : 120.0,
    "pct3ResTime" : 163.98999999999978,
    "throughput" : 302.6634382566586,
    "receivedKBytesPerSec" : 99.29173602703793,
    "sentKBytesPerSec" : 40.47335300645682
  },
  "GET /health" : {
    "transaction" : "GET /health",
    "sampleCount" : 100,
    "errorCount" : 0,
    "errorPct" : 0.0,
    "meanResTime" : 3.42,
    "medianResTime" : 3.0,
    "minResTime" : 1.0,
    "maxResTime" : 38.0,
    "pct1ResTime" : 4.900000000000006,
    "pct2ResTime" : 5.949999999999989,
    "pct3ResTime" : 37.679999999999836,
    "throughput" : 59.171597633136095,
    "receivedKBytesPerSec" : 17.046505177514792,
    "sentKBytesPerSec" : 7.049741124260355
  },
  "POST /login" : {
    "transaction" : "POST /login",
    "sampleCount" : 400,
    "errorCount" : 0,
    "errorPct" : 0.0,
    "meanResTime" : 112.005,
    "medianResTime" : 111.0,
    "minResTime" : 61.0,
    "maxResTime" : 194.0,
    "pct1ResTime" : 160.0,
    "pct2ResTime" : 169.95,
    "pct3ResTime" : 184.99,
    "throughput" : 58.428279287174995,
    "receivedKBytesPerSec" : 44.334739263803684,
    "sentKBytesPerSec" : 13.351774758983348
  }
}