{
  "GET /tickets/occupied/68ffe76a75fd07503811e37c" : {
    "transaction" : "GET /tickets/occupied/68ffe76a75fd07503811e37c",
    "sampleCount" : 150,
    "errorCount" : 0,
    "errorPct" : 0.0,
    "meanResTime" : 6.453333333333333,
    "medianResTime" : 6.0,
    "minResTime" : 4.0,
    "maxResTime" : 71.0,
    "pct1ResTime" : 8.0,
    "pct2ResTime" : 9.0,
    "pct3ResTime" : 41.42000000000053,
    "throughput" : 8.42743974380583,
    "receivedKBytesPerSec" : 2.872242647058824,
    "sentKBytesPerSec" : 1.29209769509523
  },
  "Total" : {
    "transaction" : "Total",
    "sampleCount" : 600,
    "errorCount" : 150,
    "errorPct" : 25.0,
    "meanResTime" : 9.438333333333322,
    "medianResTime" : 8.0,
    "minResTime" : 1.0,
    "maxResTime" : 71.0,
    "pct1ResTime" : 20.0,
    "pct2ResTime" : 22.0,
    "pct3ResTime" : 36.950000000000045,
    "throughput" : 30.892801977139325,
    "receivedKBytesPerSec" : 144.9683952154773,
    "sentKBytesPerSec" : 6.471197289156627
  },
  "GET /events/68ffe76a75fd07503811e37c" : {
    "transaction" : "GET /events/68ffe76a75fd07503811e37c",
    "sampleCount" : 150,
    "errorCount" : 0,
    "errorPct" : 0.0,
    "meanResTime" : 20.000000000000007,
    "medianResTime" : 18.5,
    "minResTime" : 14.0,
    "maxResTime" : 62.0,
    "pct1ResTime" : 25.900000000000006,
    "pct2ResTime" : 28.0,
    "pct3ResTime" : 52.820000000000164,
    "throughput" : 8.392547417892912,
    "receivedKBytesPerSec" : 112.56995975074133,
    "sentKBytesPerSec" : 1.2047895219045486
  },
  "POST /events/68ffe76a75fd07503811e37c/seats-pricing" : {
    "transaction" : "POST /events/68ffe76a75fd07503811e37c/seats-pricing",
    "sampleCount" : 150,
    "errorCount" : 150,
    "errorPct" : 100.0,
    "meanResTime" : 2.4333333333333336,
    "medianResTime" : 2.0,
    "minResTime" : 1.0,
    "maxResTime" : 6.0,
    "pct1ResTime" : 3.0,
    "pct2ResTime" : 4.0,
    "pct3ResTime" : 4.980000000000018,
    "throughput" : 8.45594452900389,
    "receivedKBytesPerSec" : 4.038043822932521,
    "sentKBytesPerSec" : 3.2700722983257227
  },
  "GET /location/68fd33feaf67053ed16ff2fc/sections" : {
    "transaction" : "GET /location/68fd33feaf67053ed16ff2fc/sections",
    "sampleCount" : 150,
    "errorCount" : 0,
    "errorPct" : 0.0,
    "meanResTime" : 8.866666666666669,
    "medianResTime" : 8.0,
    "minResTime" : 7.0,
    "maxResTime" : 23.0,
    "pct1ResTime" : 10.0,
    "pct2ResTime" : 11.0,
    "pct3ResTime" : 21.980000000000018,
    "throughput" : 8.427913248679628,
    "receivedKBytesPerSec" : 38.254824980334874,
    "sentKBytesPerSec" : 1.3004006770423644
  }
}